model,day_abs,day_order,period,slot_in_period,hour_abs,origin_zone_id,dest_zone_id,y_pred
LSTM,232,1,afternoon,NA,NA,100,100,1.6131924
LSTM,232,1,afternoon,NA,NA,100,161,11.943951
LSTM,232,1,afternoon,NA,NA,100,162,3.7715786
LSTM,232,1,afternoon,NA,NA,100,163,4.9890695
LSTM,232,1,afternoon,NA,NA,100,186,1.2174423
LSTM,232,1,afternoon,NA,NA,100,230,6.2147956
LSTM,232,1,afternoon,NA,NA,161,100,2.3312926
LSTM,232,1,afternoon,NA,NA,161,161,7.347407
LSTM,232,1,afternoon,NA,NA,161,162,3.4211886
LSTM,232,1,afternoon,NA,NA,161,163,7.072763
LSTM,232,1,afternoon,NA,NA,161,186,3.2689147
LSTM,232,1,afternoon,NA,NA,161,230,4.6105385
LSTM,232,1,afternoon,NA,NA,162,100,4.0273023
LSTM,232,1,afternoon,NA,NA,162,161,5.285786
LSTM,232,1,afternoon,NA,NA,162,162,5.663899
LSTM,232,1,afternoon,NA,NA,162,163,3.8799422
LSTM,232,1,afternoon,NA,NA,162,186,4.091742
LSTM,232,1,afternoon,NA,NA,162,230,3.949959
LSTM,232,1,afternoon,NA,NA,163,100,1.6539817
LSTM,232,1,afternoon,NA,NA,163,161,5.002486
LSTM,232,1,afternoon,NA,NA,163,162,2.7871094
LSTM,232,1,afternoon,NA,NA,163,163,1.8908616
LSTM,232,1,afternoon,NA,NA,163,186,2.3161879
LSTM,232,1,afternoon,NA,NA,163,230,1.9012176
LSTM,232,1,afternoon,NA,NA,186,100,2.4998918
LSTM,232,1,afternoon,NA,NA,186,161,18.082413
LSTM,232,1,afternoon,NA,NA,186,162,7.532383
LSTM,232,1,afternoon,NA,NA,186,163,6.433667
LSTM,232,1,afternoon,NA,NA,186,186,1.9754602000000001
LSTM,232,1,afternoon,NA,NA,186,230,11.492194
LSTM,232,1,afternoon,NA,NA,230,100,1.7982384
LSTM,232,1,afternoon,NA,NA,230,161,3.7827482
LSTM,232,1,afternoon,NA,NA,230,162,2.740736
LSTM,232,1,afternoon,NA,NA,230,163,2.6591108
LSTM,232,1,afternoon,NA,NA,230,186,4.3077273
LSTM,232,1,afternoon,NA,NA,230,230,2.9271302
LSTM,233,2,afternoon,NA,NA,100,100,1.7101911
LSTM,233,2,afternoon,NA,NA,100,161,13.144837
LSTM,233,2,afternoon,NA,NA,100,162,4.063539
LSTM,233,2,afternoon,NA,NA,100,163,5.3815284
LSTM,233,2,afternoon,NA,NA,100,186,1.3001653
LSTM,233,2,afternoon,NA,NA,100,230,6.789156
LSTM,233,2,afternoon,NA,NA,161,100,2.6670732
LSTM,233,2,afternoon,NA,NA,161,161,8.654148
LSTM,233,2,afternoon,NA,NA,161,162,4.4774156
LSTM,233,2,afternoon,NA,NA,161,163,8.207364
LSTM,233,2,afternoon,NA,NA,161,186,4.0796614
LSTM,233,2,afternoon,NA,NA,161,230,5.4173193
LSTM,233,2,afternoon,NA,NA,162,100,4.656939
LSTM,233,2,afternoon,NA,NA,162,161,6.2401514
LSTM,233,2,afternoon,NA,NA,162,162,6.56449
LSTM,233,2,afternoon,NA,NA,162,163,4.908225
LSTM,233,2,afternoon,NA,NA,162,186,4.5978155
LSTM,233,2,afternoon,NA,NA,162,230,4.4358573
LSTM,233,2,afternoon,NA,NA,163,100,2.3234255
LSTM,233,2,afternoon,NA,NA,163,161,6.2094135
LSTM,233,2,afternoon,NA,NA,163,162,3.8848279
LSTM,233,2,afternoon,NA,NA,163,163,2.3122756
LSTM,233,2,afternoon,NA,NA,163,186,2.6345248
LSTM,233,2,afternoon,NA,NA,163,230,2.2135
LSTM,233,2,afternoon,NA,NA,186,100,3.0911508
LSTM,233,2,afternoon,NA,NA,186,161,18.926662
LSTM,233,2,afternoon,NA,NA,186,162,8.584285
LSTM,233,2,afternoon,NA,NA,186,163,6.877216
LSTM,233,2,afternoon,NA,NA,186,186,2.1874602
LSTM,233,2,afternoon,NA,NA,186,230,12.757535
LSTM,233,2,afternoon,NA,NA,230,100,2.329509
LSTM,233,2,afternoon,NA,NA,230,161,5.1520715
LSTM,233,2,afternoon,NA,NA,230,162,3.5402803
LSTM,233,2,afternoon,NA,NA,230,163,3.248869
LSTM,233,2,afternoon,NA,NA,230,186,4.911126
LSTM,233,2,afternoon,NA,NA,230,230,3.3269985
LSTM,234,3,afternoon,NA,NA,100,100,1.6778687
LSTM,234,3,afternoon,NA,NA,100,161,13.824773
LSTM,234,3,afternoon,NA,NA,100,162,4.219637
LSTM,234,3,afternoon,NA,NA,100,163,5.568739
LSTM,234,3,afternoon,NA,NA,100,186,1.4422348
LSTM,234,3,afternoon,NA,NA,100,230,6.9625597
LSTM,234,3,afternoon,NA,NA,161,100,2.9652085
LSTM,234,3,afternoon,NA,NA,161,161,9.298838
LSTM,234,3,afternoon,NA,NA,161,162,4.847921
LSTM,234,3,afternoon,NA,NA,161,163,8.733122
LSTM,234,3,afternoon,NA,NA,161,186,4.3982067
LSTM,234,3,afternoon,NA,NA,161,230,5.88087
LSTM,234,3,afternoon,NA,NA,162,100,4.9265924
LSTM,234,3,afternoon,NA,NA,162,161,6.727291
LSTM,234,3,afternoon,NA,NA,162,162,7.198202
LSTM,234,3,afternoon,NA,NA,162,163,5.288266
LSTM,234,3,afternoon,NA,NA,162,186,5.031716
LSTM,234,3,afternoon,NA,NA,162,230,4.560669
LSTM,234,3,afternoon,NA,NA,163,100,2.438784
LSTM,234,3,afternoon,NA,NA,163,161,6.831065
LSTM,234,3,afternoon,NA,NA,163,162,4.417814
LSTM,234,3,afternoon,NA,NA,163,163,2.2679627
LSTM,234,3,afternoon,NA,NA,163,186,2.7716837
LSTM,234,3,afternoon,NA,NA,163,230,2.3499148
LSTM,234,3,afternoon,NA,NA,186,100,3.3109136
LSTM,234,3,afternoon,NA,NA,186,161,19.245016
LSTM,234,3,afternoon,NA,NA,186,162,8.83392
LSTM,234,3,afternoon,NA,NA,186,163,7.1267014
LSTM,234,3,afternoon,NA,NA,186,186,2.20914
LSTM,234,3,afternoon,NA,NA,186,230,13.357084
LSTM,234,3,afternoon,NA,NA,230,100,2.45963
LSTM,234,3,afternoon,NA,NA,230,161,5.838147
LSTM,234,3,afternoon,NA,NA,230,162,3.9687881
LSTM,234,3,afternoon,NA,NA,230,163,3.7116764
LSTM,234,3,afternoon,NA,NA,230,186,5.4626694
LSTM,234,3,afternoon,NA,NA,230,230,3.4334369
LSTM,235,4,afternoon,NA,NA,100,100,1.7608873
LSTM,235,4,afternoon,NA,NA,100,161,13.406145
LSTM,235,4,afternoon,NA,NA,100,162,4.0940394
LSTM,235,4,afternoon,NA,NA,100,163,5.526274
LSTM,235,4,afternoon,NA,NA,100,186,1.2454178
LSTM,235,4,afternoon,NA,NA,100,230,6.8634586
LSTM,235,4,afternoon,NA,NA,161,100,2.669842
LSTM,235,4,afternoon,NA,NA,161,161,8.713389
LSTM,235,4,afternoon,NA,NA,161,162,4.5691338
LSTM,235,4,afternoon,NA,NA,161,163,8.450623
LSTM,235,4,afternoon,NA,NA,161,186,4.3916874
LSTM,235,4,afternoon,NA,NA,161,230,5.4828215
LSTM,235,4,afternoon,NA,NA,162,100,4.9069424
LSTM,235,4,afternoon,NA,NA,162,161,6.3162613
LSTM,235,4,afternoon,NA,NA,162,162,6.9457693
LSTM,235,4,afternoon,NA,NA,162,163,5.1825757
LSTM,235,4,afternoon,NA,NA,162,186,4.9532104
LSTM,235,4,afternoon,NA,NA,162,230,4.3210726
LSTM,235,4,afternoon,NA,NA,163,100,2.4996793
LSTM,235,4,afternoon,NA,NA,163,161,6.4160123
LSTM,235,4,afternoon,NA,NA,163,162,4.134818
LSTM,235,4,afternoon,NA,NA,163,163,2.2767577
LSTM,235,4,afternoon,NA,NA,163,186,2.829527
LSTM,235,4,afternoon,NA,NA,163,230,2.2074282
LSTM,235,4,afternoon,NA,NA,186,100,2.9721127
LSTM,235,4,afternoon,NA,NA,186,161,19.077906
LSTM,235,4,afternoon,NA,NA,186,162,8.671113
LSTM,235,4,afternoon,NA,NA,186,163,6.888097
LSTM,235,4,afternoon,NA,NA,186,186,2.2282867
LSTM,235,4,afternoon,NA,NA,186,230,13.112917
LSTM,235,4,afternoon,NA,NA,230,100,2.3423855
LSTM,235,4,afternoon,NA,NA,230,161,5.2280817
LSTM,235,4,afternoon,NA,NA,230,162,3.6811576
LSTM,235,4,afternoon,NA,NA,230,163,3.2952316
LSTM,235,4,afternoon,NA,NA,230,186,5.259515
LSTM,235,4,afternoon,NA,NA,230,230,3.428029
LSTM,236,5,afternoon,NA,NA,100,100,1.9588296
LSTM,236,5,afternoon,NA,NA,100,161,13.259045
LSTM,236,5,afternoon,NA,NA,100,162,4.1541576
LSTM,236,5,afternoon,NA,NA,100,163,5.5625353
LSTM,236,5,afternoon,NA,NA,100,186,1.3504115
LSTM,236,5,afternoon,NA,NA,100,230,6.9515753
LSTM,236,5,afternoon,NA,NA,161,100,2.8524415
LSTM,236,5,afternoon,NA,NA,161,161,8.553266
LSTM,236,5,afternoon,NA,NA,161,162,4.568182
LSTM,236,5,afternoon,NA,NA,161,163,8.26371
LSTM,236,5,afternoon,NA,NA,161,186,4.230163
LSTM,236,5,afternoon,NA,NA,161,230,5.368471
LSTM,236,5,afternoon,NA,NA,162,100,4.846698
LSTM,236,5,afternoon,NA,NA,162,161,6.069475
LSTM,236,5,afternoon,NA,NA,162,162,6.801236
LSTM,236,5,afternoon,NA,NA,162,163,4.928255
LSTM,236,5,afternoon,NA,NA,162,186,4.7356167
LSTM,236,5,afternoon,NA,NA,162,230,4.410515
LSTM,236,5,afternoon,NA,NA,163,100,2.237288
LSTM,236,5,afternoon,NA,NA,163,161,6.1586924
LSTM,236,5,afternoon,NA,NA,163,162,3.938282
LSTM,236,5,afternoon,NA,NA,163,163,2.369313
LSTM,236,5,afternoon,NA,NA,163,186,2.9937901
LSTM,236,5,afternoon,NA,NA,163,230,2.212752
LSTM,236,5,afternoon,NA,NA,186,100,3.0377903
LSTM,236,5,afternoon,NA,NA,186,161,19.05287
LSTM,236,5,afternoon,NA,NA,186,162,8.492683
LSTM,236,5,afternoon,NA,NA,186,163,7.092454
LSTM,236,5,afternoon,NA,NA,186,186,2.2719932
LSTM,236,5,afternoon,NA,NA,186,230,12.645461
LSTM,236,5,afternoon,NA,NA,230,100,2.319729
LSTM,236,5,afternoon,NA,NA,230,161,5.1824093
LSTM,236,5,afternoon,NA,NA,230,162,3.456051
LSTM,236,5,afternoon,NA,NA,230,163,3.3671627
LSTM,236,5,afternoon,NA,NA,230,186,5.280586
LSTM,236,5,afternoon,NA,NA,230,230,3.3653905
LSTM,237,6,afternoon,NA,NA,100,100,1.778739
LSTM,237,6,afternoon,NA,NA,100,161,12.882379
LSTM,237,6,afternoon,NA,NA,100,162,4.029533
LSTM,237,6,afternoon,NA,NA,100,163,5.3591366
LSTM,237,6,afternoon,NA,NA,100,186,1.4173354
LSTM,237,6,afternoon,NA,NA,100,230,6.682543
LSTM,237,6,afternoon,NA,NA,161,100,2.773568
LSTM,237,6,afternoon,NA,NA,161,161,8.204516
LSTM,237,6,afternoon,NA,NA,161,162,4.2769547
LSTM,237,6,afternoon,NA,NA,161,163,8.035989
LSTM,237,6,afternoon,NA,NA,161,186,4.002655
LSTM,237,6,afternoon,NA,NA,161,230,5.0808115
LSTM,237,6,afternoon,NA,NA,162,100,4.6374617
LSTM,237,6,afternoon,NA,NA,162,161,5.979533
LSTM,237,6,afternoon,NA,NA,162,162,6.4282894
LSTM,237,6,afternoon,NA,NA,162,163,4.6304283
LSTM,237,6,afternoon,NA,NA,162,186,4.546995
LSTM,237,6,afternoon,NA,NA,162,230,4.4025354
LSTM,237,6,afternoon,NA,NA,163,100,2.1600115
LSTM,237,6,afternoon,NA,NA,163,161,5.8968205
LSTM,237,6,afternoon,NA,NA,163,162,3.656584
LSTM,237,6,afternoon,NA,NA,163,163,2.210209
LSTM,237,6,afternoon,NA,NA,163,186,2.706562
LSTM,237,6,afternoon,NA,NA,163,230,2.1267328
LSTM,237,6,afternoon,NA,NA,186,100,2.926411
LSTM,237,6,afternoon,NA,NA,186,161,18.833158
LSTM,237,6,afternoon,NA,NA,186,162,8.269274
LSTM,237,6,afternoon,NA,NA,186,163,6.8838077
LSTM,237,6,afternoon,NA,NA,186,186,2.2549727
LSTM,237,6,afternoon,NA,NA,186,230,12.361479
LSTM,237,6,afternoon,NA,NA,230,100,2.1441379
LSTM,237,6,afternoon,NA,NA,230,161,4.821177
LSTM,237,6,afternoon,NA,NA,230,162,3.2663484
LSTM,237,6,afternoon,NA,NA,230,163,3.1121032
LSTM,237,6,afternoon,NA,NA,230,186,4.9330177
LSTM,237,6,afternoon,NA,NA,230,230,3.1917498
LSTM,238,7,afternoon,NA,NA,100,100,1.767234
LSTM,238,7,afternoon,NA,NA,100,161,13.682415
LSTM,238,7,afternoon,NA,NA,100,162,4.235676
LSTM,238,7,afternoon,NA,NA,100,163,5.547627
LSTM,238,7,afternoon,NA,NA,100,186,1.4224842
LSTM,238,7,afternoon,NA,NA,100,230,6.9961233
LSTM,238,7,afternoon,NA,NA,161,100,2.885795
LSTM,238,7,afternoon,NA,NA,161,161,9.08835
LSTM,238,7,afternoon,NA,NA,161,162,4.857993
LSTM,238,7,afternoon,NA,NA,161,163,8.516366
LSTM,238,7,afternoon,NA,NA,161,186,4.311885
LSTM,238,7,afternoon,NA,NA,161,230,5.705369
LSTM,238,7,afternoon,NA,NA,162,100,4.858053
LSTM,238,7,afternoon,NA,NA,162,161,6.4782677
LSTM,238,7,afternoon,NA,NA,162,162,6.9519525
LSTM,238,7,afternoon,NA,NA,162,163,5.1724377
LSTM,238,7,afternoon,NA,NA,162,186,4.8574557
LSTM,238,7,afternoon,NA,NA,162,230,4.51927
LSTM,238,7,afternoon,NA,NA,163,100,2.3527145
LSTM,238,7,afternoon,NA,NA,163,161,6.6674724
LSTM,238,7,afternoon,NA,NA,163,162,4.2151217
LSTM,238,7,afternoon,NA,NA,163,163,2.3156376
LSTM,238,7,afternoon,NA,NA,163,186,2.8033235
LSTM,238,7,afternoon,NA,NA,163,230,2.2934752
LSTM,238,7,afternoon,NA,NA,186,100,3.208773
LSTM,238,7,afternoon,NA,NA,186,161,19.25264
LSTM,238,7,afternoon,NA,NA,186,162,8.735456
LSTM,238,7,afternoon,NA,NA,186,163,7.142918
LSTM,238,7,afternoon,NA,NA,186,186,2.261762
LSTM,238,7,afternoon,NA,NA,186,230,13.146271
LSTM,238,7,afternoon,NA,NA,230,100,2.4326851
LSTM,238,7,afternoon,NA,NA,230,161,5.65142
LSTM,238,7,afternoon,NA,NA,230,162,3.91625
LSTM,238,7,afternoon,NA,NA,230,163,3.5672247
LSTM,238,7,afternoon,NA,NA,230,186,5.3290195
LSTM,238,7,afternoon,NA,NA,230,230,3.3582375
LSTM,239,8,afternoon,NA,NA,100,100,1.7323731
LSTM,239,8,afternoon,NA,NA,100,161,13.411194
LSTM,239,8,afternoon,NA,NA,100,162,4.0780888
LSTM,239,8,afternoon,NA,NA,100,163,5.4890537
LSTM,239,8,afternoon,NA,NA,100,186,1.4437507
LSTM,239,8,afternoon,NA,NA,100,230,6.8673625
LSTM,239,8,afternoon,NA,NA,161,100,2.9222157
LSTM,239,8,afternoon,NA,NA,161,161,8.886449
LSTM,239,8,afternoon,NA,NA,161,162,4.664755
LSTM,239,8,afternoon,NA,NA,161,163,8.356386
LSTM,239,8,afternoon,NA,NA,161,186,4.224853
LSTM,239,8,afternoon,NA,NA,161,230,5.4866447
LSTM,239,8,afternoon,NA,NA,162,100,4.7219353
LSTM,239,8,afternoon,NA,NA,162,161,6.367338
LSTM,239,8,afternoon,NA,NA,162,162,6.7010355
LSTM,239,8,afternoon,NA,NA,162,163,5.0077434
LSTM,239,8,afternoon,NA,NA,162,186,4.753122
LSTM,239,8,afternoon,NA,NA,162,230,4.496021
LSTM,239,8,afternoon,NA,NA,163,100,2.4087665
LSTM,239,8,afternoon,NA,NA,163,161,6.494492
LSTM,239,8,afternoon,NA,NA,163,162,4.0804234
LSTM,239,8,afternoon,NA,NA,163,163,2.394108
LSTM,239,8,afternoon,NA,NA,163,186,2.6927536
LSTM,239,8,afternoon,NA,NA,163,230,2.23256
LSTM,239,8,afternoon,NA,NA,186,100,3.1728487
LSTM,239,8,afternoon,NA,NA,186,161,19.069359
LSTM,239,8,afternoon,NA,NA,186,162,8.590483
LSTM,239,8,afternoon,NA,NA,186,163,6.969825
LSTM,239,8,afternoon,NA,NA,186,186,2.2395525
LSTM,239,8,afternoon,NA,NA,186,230,12.991389
LSTM,239,8,afternoon,NA,NA,230,100,2.4069326
LSTM,239,8,afternoon,NA,NA,230,161,5.4536834
LSTM,239,8,afternoon,NA,NA,230,162,3.7673872
LSTM,239,8,afternoon,NA,NA,230,163,3.4531243
LSTM,239,8,afternoon,NA,NA,230,186,5.2345204
LSTM,239,8,afternoon,NA,NA,230,230,3.3397913
LSTM,240,9,afternoon,NA,NA,100,100,1.8791685
LSTM,240,9,afternoon,NA,NA,100,161,13.281953
LSTM,240,9,afternoon,NA,NA,100,162,4.1561685
LSTM,240,9,afternoon,NA,NA,100,163,5.506389
LSTM,240,9,afternoon,NA,NA,100,186,1.3688298
LSTM,240,9,afternoon,NA,NA,100,230,6.91084
LSTM,240,9,afternoon,NA,NA,161,100,2.9713163
LSTM,240,9,afternoon,NA,NA,161,161,8.70656
LSTM,240,9,afternoon,NA,NA,161,162,4.5855646
LSTM,240,9,afternoon,NA,NA,161,163,8.291051
LSTM,240,9,afternoon,NA,NA,161,186,4.187758
LSTM,240,9,afternoon,NA,NA,161,230,5.413965
LSTM,240,9,afternoon,NA,NA,162,100,4.812094
LSTM,240,9,afternoon,NA,NA,162,161,6.12901
LSTM,240,9,afternoon,NA,NA,162,162,6.6998887
LSTM,240,9,afternoon,NA,NA,162,163,4.894997
LSTM,240,9,afternoon,NA,NA,162,186,4.642639
LSTM,240,9,afternoon,NA,NA,162,230,4.434713
LSTM,240,9,afternoon,NA,NA,163,100,2.202174
LSTM,240,9,afternoon,NA,NA,163,161,6.265858
LSTM,240,9,afternoon,NA,NA,163,162,3.9481397
LSTM,240,9,afternoon,NA,NA,163,163,2.4475977
LSTM,240,9,afternoon,NA,NA,163,186,2.8677223
LSTM,240,9,afternoon,NA,NA,163,230,2.163499
LSTM,240,9,afternoon,NA,NA,186,100,3.128064
LSTM,240,9,afternoon,NA,NA,186,161,19.04149
LSTM,240,9,afternoon,NA,NA,186,162,8.451573
LSTM,240,9,afternoon,NA,NA,186,163,7.1053157
LSTM,240,9,afternoon,NA,NA,186,186,2.1995249
LSTM,240,9,afternoon,NA,NA,186,230,12.719456
LSTM,240,9,afternoon,NA,NA,230,100,2.2949872
LSTM,240,9,afternoon,NA,NA,230,161,5.309871
LSTM,240,9,afternoon,NA,NA,230,162,3.5784945
LSTM,240,9,afternoon,NA,NA,230,163,3.5165565
LSTM,240,9,afternoon,NA,NA,230,186,5.310324
LSTM,240,9,afternoon,NA,NA,230,230,3.325608
LSTM,241,10,afternoon,NA,NA,100,100,1.7650487
LSTM,241,10,afternoon,NA,NA,100,161,13.721501
LSTM,241,10,afternoon,NA,NA,100,162,4.2707295
LSTM,241,10,afternoon,NA,NA,100,163,5.545867
LSTM,241,10,afternoon,NA,NA,100,186,1.5103825
LSTM,241,10,afternoon,NA,NA,100,230,7.0073123
LSTM,241,10,afternoon,NA,NA,161,100,3.1611311
LSTM,241,10,afternoon,NA,NA,161,161,9.222263
LSTM,241,10,afternoon,NA,NA,161,162,4.8988156
LSTM,241,10,afternoon,NA,NA,161,163,8.642133
LSTM,241,10,afternoon,NA,NA,161,186,4.3025084
LSTM,241,10,afternoon,NA,NA,161,230,5.771618
LSTM,241,10,afternoon,NA,NA,162,100,4.9875364
LSTM,241,10,afternoon,NA,NA,162,161,6.5870266
LSTM,241,10,afternoon,NA,NA,162,162,7.162619
LSTM,241,10,afternoon,NA,NA,162,163,5.1572294
LSTM,241,10,afternoon,NA,NA,162,186,4.9265194
LSTM,241,10,afternoon,NA,NA,162,230,4.6164713
LSTM,241,10,afternoon,NA,NA,163,100,2.3410742
LSTM,241,10,afternoon,NA,NA,163,161,6.7378793
LSTM,241,10,afternoon,NA,NA,163,162,4.2439795
LSTM,241,10,afternoon,NA,NA,163,163,2.315976
LSTM,241,10,afternoon,NA,NA,163,186,2.8549016
LSTM,241,10,afternoon,NA,NA,163,230,2.4305952
LSTM,241,10,afternoon,NA,NA,186,100,3.3965814
LSTM,241,10,afternoon,NA,NA,186,161,19.248478
LSTM,241,10,afternoon,NA,NA,186,162,8.686722
LSTM,241,10,afternoon,NA,NA,186,163,7.1857452
LSTM,241,10,afternoon,NA,NA,186,186,2.278237
LSTM,241,10,afternoon,NA,NA,186,230,13.143466
LSTM,241,10,afternoon,NA,NA,230,100,2.4646673
LSTM,241,10,afternoon,NA,NA,230,161,5.814194
LSTM,241,10,afternoon,NA,NA,230,162,3.8956442
LSTM,241,10,afternoon,NA,NA,230,163,3.7385273
LSTM,241,10,afternoon,NA,NA,230,186,5.4417295
LSTM,241,10,afternoon,NA,NA,230,230,3.5085337
LSTM,242,11,afternoon,NA,NA,100,100,1.8019701
LSTM,242,11,afternoon,NA,NA,100,161,12.459071
LSTM,242,11,afternoon,NA,NA,100,162,3.8083887
LSTM,242,11,afternoon,NA,NA,100,163,5.2393503
LSTM,242,11,afternoon,NA,NA,100,186,1.3584521
LSTM,242,11,afternoon,NA,NA,100,230,6.3237023
LSTM,242,11,afternoon,NA,NA,161,100,2.5414004
LSTM,242,11,afternoon,NA,NA,161,161,7.592605
LSTM,242,11,afternoon,NA,NA,161,162,3.8259206
LSTM,242,11,afternoon,NA,NA,161,163,7.6163425
LSTM,242,11,afternoon,NA,NA,161,186,3.7169716
LSTM,242,11,afternoon,NA,NA,161,230,4.7265844
LSTM,242,11,afternoon,NA,NA,162,100,4.4131627
LSTM,242,11,afternoon,NA,NA,162,161,5.5381
LSTM,242,11,afternoon,NA,NA,162,162,6.002173
LSTM,242,11,afternoon,NA,NA,162,163,4.321134
LSTM,242,11,afternoon,NA,NA,162,186,4.3320208
LSTM,242,11,afternoon,NA,NA,162,230,4.074922
LSTM,242,11,afternoon,NA,NA,163,100,1.919482
LSTM,242,11,afternoon,NA,NA,163,161,5.4651
LSTM,242,11,afternoon,NA,NA,163,162,3.1948047
LSTM,242,11,afternoon,NA,NA,163,163,2.1063626
LSTM,242,11,afternoon,NA,NA,163,186,2.5610669
LSTM,242,11,afternoon,NA,NA,163,230,1.9378273
LSTM,242,11,afternoon,NA,NA,186,100,2.6265316
LSTM,242,11,afternoon,NA,NA,186,161,18.585653
LSTM,242,11,afternoon,NA,NA,186,162,7.8197236
LSTM,242,11,afternoon,NA,NA,186,163,6.684638
LSTM,242,11,afternoon,NA,NA,186,186,2.0810845
LSTM,242,11,afternoon,NA,NA,186,230,11.873102
LSTM,242,11,afternoon,NA,NA,230,100,1.9806796
LSTM,242,11,afternoon,NA,NA,230,161,4.240301
LSTM,242,11,afternoon,NA,NA,230,162,3.026793
LSTM,242,11,afternoon,NA,NA,230,163,2.7283375
LSTM,242,11,afternoon,NA,NA,230,186,4.7209287
LSTM,242,11,afternoon,NA,NA,230,230,3.0494823
LSTM,243,12,afternoon,NA,NA,100,100,1.7522868
LSTM,243,12,afternoon,NA,NA,100,161,13.651812
LSTM,243,12,afternoon,NA,NA,100,162,4.255052
LSTM,243,12,afternoon,NA,NA,100,163,5.565287
LSTM,243,12,afternoon,NA,NA,100,186,1.5161672
LSTM,243,12,afternoon,NA,NA,100,230,7.1441135
LSTM,243,12,afternoon,NA,NA,161,100,2.9588459
LSTM,243,12,afternoon,NA,NA,161,161,9.139545
LSTM,243,12,afternoon,NA,NA,161,162,4.982437
LSTM,243,12,afternoon,NA,NA,161,163,8.658817
LSTM,243,12,afternoon,NA,NA,161,186,4.36543
LSTM,243,12,afternoon,NA,NA,161,230,5.777813
LSTM,243,12,afternoon,NA,NA,162,100,4.942674
LSTM,243,12,afternoon,NA,NA,162,161,6.6488385
LSTM,243,12,afternoon,NA,NA,162,162,7.1503243
LSTM,243,12,afternoon,NA,NA,162,163,5.24292
LSTM,243,12,afternoon,NA,NA,162,186,4.954334
LSTM,243,12,afternoon,NA,NA,162,230,4.5980363
LSTM,243,12,afternoon,NA,NA,163,100,2.4276369
LSTM,243,12,afternoon,NA,NA,163,161,6.735824
LSTM,243,12,afternoon,NA,NA,163,162,4.3560667
LSTM,243,12,afternoon,NA,NA,163,163,2.248171
LSTM,243,12,afternoon,NA,NA,163,186,2.8142183
LSTM,243,12,afternoon,NA,NA,163,230,2.4065304
LSTM,243,12,afternoon,NA,NA,186,100,3.2559164
LSTM,243,12,afternoon,NA,NA,186,161,19.356121
LSTM,243,12,afternoon,NA,NA,186,162,8.903845
LSTM,243,12,afternoon,NA,NA,186,163,7.083019
LSTM,243,12,afternoon,NA,NA,186,186,2.2916384
LSTM,243,12,afternoon,NA,NA,186,230,13.21876
LSTM,243,12,afternoon,NA,NA,230,100,2.4894488
LSTM,243,12,afternoon,NA,NA,230,161,5.825866
LSTM,243,12,afternoon,NA,NA,230,162,3.9490054
LSTM,243,12,afternoon,NA,NA,230,163,3.6296701
LSTM,243,12,afternoon,NA,NA,230,186,5.254811
LSTM,243,12,afternoon,NA,NA,230,230,3.4365046
LSTM,244,13,afternoon,NA,NA,100,100,1.7609147
LSTM,244,13,afternoon,NA,NA,100,161,13.386696
LSTM,244,13,afternoon,NA,NA,100,162,4.0702195
LSTM,244,13,afternoon,NA,NA,100,163,5.498997
LSTM,244,13,afternoon,NA,NA,100,186,1.4295156
LSTM,244,13,afternoon,NA,NA,100,230,6.8424306
LSTM,244,13,afternoon,NA,NA,161,100,3.0240166
LSTM,244,13,afternoon,NA,NA,161,161,8.989153
LSTM,244,13,afternoon,NA,NA,161,162,4.644302
LSTM,244,13,afternoon,NA,NA,161,163,8.374132
LSTM,244,13,afternoon,NA,NA,161,186,4.151521
LSTM,244,13,afternoon,NA,NA,161,230,5.469516
LSTM,244,13,afternoon,NA,NA,162,100,4.719551
LSTM,244,13,afternoon,NA,NA,162,161,6.270315
LSTM,244,13,afternoon,NA,NA,162,162,6.749513
LSTM,244,13,afternoon,NA,NA,162,163,4.895051
LSTM,244,13,afternoon,NA,NA,162,186,4.6827083
LSTM,244,13,afternoon,NA,NA,162,230,4.456595
LSTM,244,13,afternoon,NA,NA,163,100,2.2829382
LSTM,244,13,afternoon,NA,NA,163,161,6.3628535
LSTM,244,13,afternoon,NA,NA,163,162,4.043903
LSTM,244,13,afternoon,NA,NA,163,163,2.3992121
LSTM,244,13,afternoon,NA,NA,163,186,2.7066593
LSTM,244,13,afternoon,NA,NA,163,230,2.1899319
LSTM,244,13,afternoon,NA,NA,186,100,3.2748337
LSTM,244,13,afternoon,NA,NA,186,161,19.079687
LSTM,244,13,afternoon,NA,NA,186,162,8.477609
LSTM,244,13,afternoon,NA,NA,186,163,7.0713744
LSTM,244,13,afternoon,NA,NA,186,186,2.2366457
LSTM,244,13,afternoon,NA,NA,186,230,12.85109
LSTM,244,13,afternoon,NA,NA,230,100,2.347139
LSTM,244,13,afternoon,NA,NA,230,161,5.4826403
LSTM,244,13,afternoon,NA,NA,230,162,3.66366
LSTM,244,13,afternoon,NA,NA,230,163,3.5382948
LSTM,244,13,afternoon,NA,NA,230,186,5.3269835
LSTM,244,13,afternoon,NA,NA,230,230,3.2636101
LSTM,245,14,afternoon,NA,NA,100,100,1.8508358
LSTM,245,14,afternoon,NA,NA,100,161,12.99908
LSTM,245,14,afternoon,NA,NA,100,162,4.1067424
LSTM,245,14,afternoon,NA,NA,100,163,5.3696876
LSTM,245,14,afternoon,NA,NA,100,186,1.3074006
LSTM,245,14,afternoon,NA,NA,100,230,6.7397118
LSTM,245,14,afternoon,NA,NA,161,100,2.7651825
LSTM,245,14,afternoon,NA,NA,161,161,8.32668
LSTM,245,14,afternoon,NA,NA,161,162,4.4232125
LSTM,245,14,afternoon,NA,NA,161,163,7.983821
LSTM,245,14,afternoon,NA,NA,161,186,4.0893445
LSTM,245,14,afternoon,NA,NA,161,230,5.144062
LSTM,245,14,afternoon,NA,NA,162,100,4.696587
LSTM,245,14,afternoon,NA,NA,162,161,5.846542
LSTM,245,14,afternoon,NA,NA,162,162,6.3386135
LSTM,245,14,afternoon,NA,NA,162,163,4.7704196
LSTM,245,14,afternoon,NA,NA,162,186,4.4866643
LSTM,245,14,afternoon,NA,NA,162,230,4.3523583
LSTM,245,14,afternoon,NA,NA,163,100,2.1836102
LSTM,245,14,afternoon,NA,NA,163,161,6.0813794
LSTM,245,14,afternoon,NA,NA,163,162,3.6065388
LSTM,245,14,afternoon,NA,NA,163,163,2.4177432
LSTM,245,14,afternoon,NA,NA,163,186,2.7080114
LSTM,245,14,afternoon,NA,NA,163,230,2.0746098
LSTM,245,14,afternoon,NA,NA,186,100,2.8962262
LSTM,245,14,afternoon,NA,NA,186,161,18.901627
LSTM,245,14,afternoon,NA,NA,186,162,8.250253
LSTM,245,14,afternoon,NA,NA,186,163,6.938886
LSTM,245,14,afternoon,NA,NA,186,186,2.232045
LSTM,245,14,afternoon,NA,NA,186,230,12.527035
LSTM,245,14,afternoon,NA,NA,230,100,2.2479146
LSTM,245,14,afternoon,NA,NA,230,161,4.868389
LSTM,245,14,afternoon,NA,NA,230,162,3.4938135
LSTM,245,14,afternoon,NA,NA,230,163,3.1762195
LSTM,245,14,afternoon,NA,NA,230,186,5.0126543
LSTM,245,14,afternoon,NA,NA,230,230,3.2222877
LSTM,246,15,afternoon,NA,NA,100,100,1.7587311
LSTM,246,15,afternoon,NA,NA,100,161,12.766331
LSTM,246,15,afternoon,NA,NA,100,162,3.9542143
LSTM,246,15,afternoon,NA,NA,100,163,5.347477
LSTM,246,15,afternoon,NA,NA,100,186,1.2494997
LSTM,246,15,afternoon,NA,NA,100,230,6.6034827
LSTM,246,15,afternoon,NA,NA,161,100,2.6090298
LSTM,246,15,afternoon,NA,NA,161,161,8.044639
LSTM,246,15,afternoon,NA,NA,161,162,4.0691586
LSTM,246,15,afternoon,NA,NA,161,163,7.8309913
LSTM,246,15,afternoon,NA,NA,161,186,3.9675303
LSTM,246,15,afternoon,NA,NA,161,230,4.996277
LSTM,246,15,afternoon,NA,NA,162,100,4.5607014
LSTM,246,15,afternoon,NA,NA,162,161,5.692878
LSTM,246,15,afternoon,NA,NA,162,162,6.2253776
LSTM,246,15,afternoon,NA,NA,162,163,4.541664
LSTM,246,15,afternoon,NA,NA,162,186,4.485791
LSTM,246,15,afternoon,NA,NA,162,230,4.2647285
LSTM,246,15,afternoon,NA,NA,163,100,2.1645968
LSTM,246,15,afternoon,NA,NA,163,161,5.738672
LSTM,246,15,afternoon,NA,NA,163,162,3.406575
LSTM,246,15,afternoon,NA,NA,163,163,2.3327112
LSTM,246,15,afternoon,NA,NA,163,186,2.6726649
LSTM,246,15,afternoon,NA,NA,163,230,2.0004072
LSTM,246,15,afternoon,NA,NA,186,100,2.7995005
LSTM,246,15,afternoon,NA,NA,186,161,18.686575
LSTM,246,15,afternoon,NA,NA,186,162,8.157038
LSTM,246,15,afternoon,NA,NA,186,163,6.7225304
LSTM,246,15,afternoon,NA,NA,186,186,2.1777704
LSTM,246,15,afternoon,NA,NA,186,230,12.320862
LSTM,246,15,afternoon,NA,NA,230,100,2.1983461
LSTM,246,15,afternoon,NA,NA,230,161,4.5319076
LSTM,246,15,afternoon,NA,NA,230,162,3.2593691
LSTM,246,15,afternoon,NA,NA,230,163,3.0182188
LSTM,246,15,afternoon,NA,NA,230,186,4.8893685
LSTM,246,15,afternoon,NA,NA,230,230,3.2222047
LSTM,247,16,afternoon,NA,NA,100,100,1.6296141
LSTM,247,16,afternoon,NA,NA,100,161,12.203068
LSTM,247,16,afternoon,NA,NA,100,162,3.7879891
LSTM,247,16,afternoon,NA,NA,100,163,5.067717
LSTM,247,16,afternoon,NA,NA,100,186,1.2871237
LSTM,247,16,afternoon,NA,NA,100,230,6.219852
LSTM,247,16,afternoon,NA,NA,161,100,2.4777653
LSTM,247,16,afternoon,NA,NA,161,161,7.522361
LSTM,247,16,afternoon,NA,NA,161,162,3.6320324
LSTM,247,16,afternoon,NA,NA,161,163,7.3800206
LSTM,247,16,afternoon,NA,NA,161,186,3.5273557
LSTM,247,16,afternoon,NA,NA,161,230,4.688511
LSTM,247,16,afternoon,NA,NA,162,100,4.201667
LSTM,247,16,afternoon,NA,NA,162,161,5.458779
LSTM,247,16,afternoon,NA,NA,162,162,5.7769527
LSTM,247,16,afternoon,NA,NA,162,163,4.030819
LSTM,247,16,afternoon,NA,NA,162,186,4.2668343
LSTM,247,16,afternoon,NA,NA,162,230,4.0399866
LSTM,247,16,afternoon,NA,NA,163,100,1.8593216
LSTM,247,16,afternoon,NA,NA,163,161,5.278926
LSTM,247,16,afternoon,NA,NA,163,162,3.0543911
LSTM,247,16,afternoon,NA,NA,163,163,2.0781038
LSTM,247,16,afternoon,NA,NA,163,186,2.4269779
LSTM,247,16,afternoon,NA,NA,163,230,1.9160339
LSTM,247,16,afternoon,NA,NA,186,100,2.6139953
LSTM,247,16,afternoon,NA,NA,186,161,18.352612
LSTM,247,16,afternoon,NA,NA,186,162,7.80503
LSTM,247,16,afternoon,NA,NA,186,163,6.5072775
LSTM,247,16,afternoon,NA,NA,186,186,1.9934036
LSTM,247,16,afternoon,NA,NA,186,230,11.785988
LSTM,247,16,afternoon,NA,NA,230,100,1.9425427
LSTM,247,16,afternoon,NA,NA,230,161,4.0029125
LSTM,247,16,afternoon,NA,NA,230,162,2.8853624
LSTM,247,16,afternoon,NA,NA,230,163,2.7474184
LSTM,247,16,afternoon,NA,NA,230,186,4.495986
LSTM,247,16,afternoon,NA,NA,230,230,2.9651406
LSTM,248,17,afternoon,NA,NA,100,100,1.7086134
LSTM,248,17,afternoon,NA,NA,100,161,12.472452
LSTM,248,17,afternoon,NA,NA,100,162,3.927244
LSTM,248,17,afternoon,NA,NA,100,163,5.223161
LSTM,248,17,afternoon,NA,NA,100,186,1.2643784
LSTM,248,17,afternoon,NA,NA,100,230,6.4112124
LSTM,248,17,afternoon,NA,NA,161,100,2.4226513
LSTM,248,17,afternoon,NA,NA,161,161,7.7642226
LSTM,248,17,afternoon,NA,NA,161,162,3.8836138
LSTM,248,17,afternoon,NA,NA,161,163,7.554543
LSTM,248,17,afternoon,NA,NA,161,186,3.7222664
LSTM,248,17,afternoon,NA,NA,161,230,4.822961
LSTM,248,17,afternoon,NA,NA,162,100,4.3588815
LSTM,248,17,afternoon,NA,NA,162,161,5.5780168
LSTM,248,17,afternoon,NA,NA,162,162,6.084218
LSTM,248,17,afternoon,NA,NA,162,163,4.332654
LSTM,248,17,afternoon,NA,NA,162,186,4.406801
LSTM,248,17,afternoon,NA,NA,162,230,4.0730453
LSTM,248,17,afternoon,NA,NA,163,100,1.948098
LSTM,248,17,afternoon,NA,NA,163,161,5.5129604
LSTM,248,17,afternoon,NA,NA,163,162,3.215028
LSTM,248,17,afternoon,NA,NA,163,163,2.0485373
LSTM,248,17,afternoon,NA,NA,163,186,2.55253
LSTM,248,17,afternoon,NA,NA,163,230,1.9718232
LSTM,248,17,afternoon,NA,NA,186,100,2.6021385
LSTM,248,17,afternoon,NA,NA,186,161,18.55696
LSTM,248,17,afternoon,NA,NA,186,162,7.9278326
LSTM,248,17,afternoon,NA,NA,186,163,6.655668
LSTM,248,17,afternoon,NA,NA,186,186,2.123145
LSTM,248,17,afternoon,NA,NA,186,230,12.0041065
LSTM,248,17,afternoon,NA,NA,230,100,1.9975476
LSTM,248,17,afternoon,NA,NA,230,161,4.3010035
LSTM,248,17,afternoon,NA,NA,230,162,3.0459027
LSTM,248,17,afternoon,NA,NA,230,163,2.8373196
LSTM,248,17,afternoon,NA,NA,230,186,4.6670322
LSTM,248,17,afternoon,NA,NA,230,230,3.0757854
LSTM,249,18,afternoon,NA,NA,100,100,1.4859911
LSTM,249,18,afternoon,NA,NA,100,161,11.733662
LSTM,249,18,afternoon,NA,NA,100,162,3.762689
LSTM,249,18,afternoon,NA,NA,100,163,4.8650393
LSTM,249,18,afternoon,NA,NA,100,186,1.2879235
LSTM,249,18,afternoon,NA,NA,100,230,5.931601
LSTM,249,18,afternoon,NA,NA,161,100,2.2451656
LSTM,249,18,afternoon,NA,NA,161,161,7.1618237
LSTM,249,18,afternoon,NA,NA,161,162,3.2720773
LSTM,249,18,afternoon,NA,NA,161,163,6.800537
LSTM,249,18,afternoon,NA,NA,161,186,3.1514592
LSTM,249,18,afternoon,NA,NA,161,230,4.4435024
LSTM,249,18,afternoon,NA,NA,162,100,3.724132
LSTM,249,18,afternoon,NA,NA,162,161,5.075292
LSTM,249,18,afternoon,NA,NA,162,162,5.414949
LSTM,249,18,afternoon,NA,NA,162,163,3.638093
LSTM,249,18,afternoon,NA,NA,162,186,4.0439878
LSTM,249,18,afternoon,NA,NA,162,230,3.8041391
LSTM,249,18,afternoon,NA,NA,163,100,1.6752553
LSTM,249,18,afternoon,NA,NA,163,161,4.8171716
LSTM,249,18,afternoon,NA,NA,163,162,2.6046097
LSTM,249,18,afternoon,NA,NA,163,163,1.82369
LSTM,249,18,afternoon,NA,NA,163,186,2.2702985
LSTM,249,18,afternoon,NA,NA,163,230,1.7968333
LSTM,249,18,afternoon,NA,NA,186,100,2.3874822
LSTM,249,18,afternoon,NA,NA,186,161,17.850311
LSTM,249,18,afternoon,NA,NA,186,162,7.339488
LSTM,249,18,afternoon,NA,NA,186,163,6.2489467
LSTM,249,18,afternoon,NA,NA,186,186,1.9103612
LSTM,249,18,afternoon,NA,NA,186,230,11.32919
LSTM,249,18,afternoon,NA,NA,230,100,1.819534
LSTM,249,18,afternoon,NA,NA,230,161,3.5114985
LSTM,249,18,afternoon,NA,NA,230,162,2.5903337
LSTM,249,18,afternoon,NA,NA,230,163,2.4474103
LSTM,249,18,afternoon,NA,NA,230,186,4.181455
LSTM,249,18,afternoon,NA,NA,230,230,2.8543274
LSTM,250,19,afternoon,NA,NA,100,100,1.5135462
LSTM,250,19,afternoon,NA,NA,100,161,11.835905
LSTM,250,19,afternoon,NA,NA,100,162,3.7641249
LSTM,250,19,afternoon,NA,NA,100,163,4.9272523
LSTM,250,19,afternoon,NA,NA,100,186,1.2673883
LSTM,250,19,afternoon,NA,NA,100,230,6.051971
LSTM,250,19,afternoon,NA,NA,161,100,2.1166127
LSTM,250,19,afternoon,NA,NA,161,161,7.415048
LSTM,250,19,afternoon,NA,NA,161,162,3.4588976
LSTM,250,19,afternoon,NA,NA,161,163,6.9916964
LSTM,250,19,afternoon,NA,NA,161,186,3.2997363
LSTM,250,19,afternoon,NA,NA,161,230,4.5276403
LSTM,250,19,afternoon,NA,NA,162,100,3.8265169
LSTM,250,19,afternoon,NA,NA,162,161,5.187119
LSTM,250,19,afternoon,NA,NA,162,162,5.529323
LSTM,250,19,afternoon,NA,NA,162,163,3.871734
LSTM,250,19,afternoon,NA,NA,162,186,4.0737057
LSTM,250,19,afternoon,NA,NA,162,230,3.9106483
LSTM,250,19,afternoon,NA,NA,163,100,1.7654307
LSTM,250,19,afternoon,NA,NA,163,161,5.039009
LSTM,250,19,afternoon,NA,NA,163,162,2.7487342
LSTM,250,19,afternoon,NA,NA,163,163,1.9450275
LSTM,250,19,afternoon,NA,NA,163,186,2.2166991
LSTM,250,19,afternoon,NA,NA,163,230,1.7377841
LSTM,250,19,afternoon,NA,NA,186,100,2.4658492
LSTM,250,19,afternoon,NA,NA,186,161,18.021105
LSTM,250,19,afternoon,NA,NA,186,162,7.606126
LSTM,250,19,afternoon,NA,NA,186,163,6.36833
LSTM,250,19,afternoon,NA,NA,186,186,1.9240968
LSTM,250,19,afternoon,NA,NA,186,230,11.549536
LSTM,250,19,afternoon,NA,NA,230,100,1.9211375
LSTM,250,19,afternoon,NA,NA,230,161,3.8100932
LSTM,250,19,afternoon,NA,NA,230,162,2.713072
LSTM,250,19,afternoon,NA,NA,230,163,2.600735
LSTM,250,19,afternoon,NA,NA,230,186,4.179131
LSTM,250,19,afternoon,NA,NA,230,230,2.7860816
LSTM,251,20,afternoon,NA,NA,100,100,1.5916455
LSTM,251,20,afternoon,NA,NA,100,161,12.1709795
LSTM,251,20,afternoon,NA,NA,100,162,3.7727618
LSTM,251,20,afternoon,NA,NA,100,163,4.982139
LSTM,251,20,afternoon,NA,NA,100,186,1.2697904
LSTM,251,20,afternoon,NA,NA,100,230,6.1633964
LSTM,251,20,afternoon,NA,NA,161,100,2.1806192
LSTM,251,20,afternoon,NA,NA,161,161,7.598135
LSTM,251,20,afternoon,NA,NA,161,162,3.660074
LSTM,251,20,afternoon,NA,NA,161,163,7.3607073
LSTM,251,20,afternoon,NA,NA,161,186,3.5025015
LSTM,251,20,afternoon,NA,NA,161,230,4.788314
LSTM,251,20,afternoon,NA,NA,162,100,4.0756416
LSTM,251,20,afternoon,NA,NA,162,161,5.4563355
LSTM,251,20,afternoon,NA,NA,162,162,5.784636
LSTM,251,20,afternoon,NA,NA,162,163,4.1690288
LSTM,251,20,afternoon,NA,NA,162,186,4.190857
LSTM,251,20,afternoon,NA,NA,162,230,3.9798887
LSTM,251,20,afternoon,NA,NA,163,100,1.7960608
LSTM,251,20,afternoon,NA,NA,163,161,5.3618217
LSTM,251,20,afternoon,NA,NA,163,162,2.9853854
LSTM,251,20,afternoon,NA,NA,163,163,1.9610021
LSTM,251,20,afternoon,NA,NA,163,186,2.2561073
LSTM,251,20,afternoon,NA,NA,163,230,1.7769876
LSTM,251,20,afternoon,NA,NA,186,100,2.5349095
LSTM,251,20,afternoon,NA,NA,186,161,18.297874
LSTM,251,20,afternoon,NA,NA,186,162,7.792454
LSTM,251,20,afternoon,NA,NA,186,163,6.513003
LSTM,251,20,afternoon,NA,NA,186,186,1.874642
LSTM,251,20,afternoon,NA,NA,186,230,11.836327
LSTM,251,20,afternoon,NA,NA,230,100,1.9298247
LSTM,251,20,afternoon,NA,NA,230,161,4.093714
LSTM,251,20,afternoon,NA,NA,230,162,2.9343963
LSTM,251,20,afternoon,NA,NA,230,163,2.7659597
LSTM,251,20,afternoon,NA,NA,230,186,4.360981
LSTM,251,20,afternoon,NA,NA,230,230,2.8205967
LSTM,252,21,afternoon,NA,NA,100,100,1.5138942
LSTM,252,21,afternoon,NA,NA,100,161,11.892324
LSTM,252,21,afternoon,NA,NA,100,162,3.7986124
LSTM,252,21,afternoon,NA,NA,100,163,4.949634
LSTM,252,21,afternoon,NA,NA,100,186,1.3092272
LSTM,252,21,afternoon,NA,NA,100,230,5.985457
LSTM,252,21,afternoon,NA,NA,161,100,2.1596868
LSTM,252,21,afternoon,NA,NA,161,161,7.3856726
LSTM,252,21,afternoon,NA,NA,161,162,3.4526165
LSTM,252,21,afternoon,NA,NA,161,163,7.0124917
LSTM,252,21,afternoon,NA,NA,161,186,3.3723004
LSTM,252,21,afternoon,NA,NA,161,230,4.5175734
LSTM,252,21,afternoon,NA,NA,162,100,3.829539
LSTM,252,21,afternoon,NA,NA,162,161,5.2140937
LSTM,252,21,afternoon,NA,NA,162,162,5.5092115
LSTM,252,21,afternoon,NA,NA,162,163,3.950532
LSTM,252,21,afternoon,NA,NA,162,186,4.1005754
LSTM,252,21,afternoon,NA,NA,162,230,3.8549504
LSTM,252,21,afternoon,NA,NA,163,100,1.7814169
LSTM,252,21,afternoon,NA,NA,163,161,5.0697255
LSTM,252,21,afternoon,NA,NA,163,162,2.8106072
LSTM,252,21,afternoon,NA,NA,163,163,1.886426
LSTM,252,21,afternoon,NA,NA,163,186,2.2260137
LSTM,252,21,afternoon,NA,NA,163,230,1.6906437
LSTM,252,21,afternoon,NA,NA,186,100,2.3763063
LSTM,252,21,afternoon,NA,NA,186,161,18.110239
LSTM,252,21,afternoon,NA,NA,186,162,7.539021
LSTM,252,21,afternoon,NA,NA,186,163,6.3185034
LSTM,252,21,afternoon,NA,NA,186,186,1.9406682
LSTM,252,21,afternoon,NA,NA,186,230,11.5813465
LSTM,252,21,afternoon,NA,NA,230,100,1.8207171
LSTM,252,21,afternoon,NA,NA,230,161,3.7944367
LSTM,252,21,afternoon,NA,NA,230,162,2.676566
LSTM,252,21,afternoon,NA,NA,230,163,2.570919
LSTM,252,21,afternoon,NA,NA,230,186,4.2635174
LSTM,252,21,afternoon,NA,NA,230,230,2.7813914
